{
  "Actor": {
    "types": ["character", "minion", "vehicle", "homestead", "rival", "nemesis"],
    "templates": {
      "biography": {
        "biography": ""
      },
      "species": {
        "species": {
          "value": "",
          "type": "String"
        }
      },
      "career": {
        "career": {
          "value": "",
          "type": "String"
        }
      },
      "specialisation": {
        "specialisation": {
          "value": "",
          "list": [],
          "type": "String"
        }
      },
      "stats": {
        "stats": {
          "wounds": {
            "value": 0,
            "min": 0,
            "max": 0,
            "adjusted": 0
          },
          "strain": {
            "value": 0,
            "min": 0,
            "max": 0,
            "adjusted": 0
          },
          "soak": {
            "value": 0,
            "adjusted": 0
          },
          "defence": {
            "ranged": 0,
            "melee": 0,
            "adjusted": 0
          },
          "encumbrance": {
            "value": 0,
            "max": 0,
            "adjusted": 0
          },
          "forcePool": {
            "value": 0,
            "max": 0,
            "adjusted": 0
          },
          "credits": {
            "value": 0,
            "type": "Number",
            "label": "Credits",
            "adjusted": 0
          }
        }
      },
      "characteristics": {
        "characteristics": {
          "Brawn": {
            "value": 0,
            "label": "Brawn",
            "abrev": "Br"
          },
          "Agility": {
            "value": 0,
            "label": "Agility",
            "abrev": "Ag"
          },
          "Intellect": {
            "value": 0,
            "label": "Intellect",
            "abrev": "Int"
          },
          "Cunning": {
            "value": 0,
            "label": "Cunning",
            "abrev": "Cun"
          },
          "Willpower": {
            "value": 0,
            "label": "Willpower",
            "abrev": "Will"
          },
          "Presence": {
            "value": 0,
            "label": "Presence",
            "abrev": "Pr"
          }
        }
      },
      "skills": {
        "skills": {
          "Brawl": {
            "rank": 0,
            "characteristic": "Brawn",
            "groupskill": false,
            "careerskill": false,
            "type": "Combat",
            "max": 6
          },
          "Gunnery": {
            "rank": 0,
            "characteristic": "Agility",
            "groupskill": false,
            "careerskill": false,
            "type": "Combat",
            "max": 6
          },
          "Lightsaber": {
            "rank": 0,
            "characteristic": "Brawn",
            "groupskill": false,
            "careerskill": false,
            "type": "Combat",
            "max": 6
          },
          "Melee": {
            "rank": 0,
            "characteristic": "Brawn",
            "groupskill": false,
            "careerskill": false,
            "type": "Combat",
            "max": 6
          },
          "Ranged: Light": {
            "rank": 0,
            "characteristic": "Agility",
            "groupskill": false,
            "careerskill": false,
            "type": "Combat",
            "max": 6
          },
          "Ranged: Heavy": {
            "rank": 0,
            "characteristic": "Agility",
            "groupskill": false,
            "careerskill": false,
            "type": "Combat",
            "max": 6
          },
          "Spherogation": {
            "rank": 0,
            "characteristic": "Intellect",
            "groupskill": false,
            "careerskill": false,
            "type": "General",
            "max": 6
          },
          "Athletics": {
            "rank": 0,
            "characteristic": "Brawn",
            "groupskill": false,
            "careerskill": false,
            "type": "General",
            "max": 6
          },
          "Charm": {
            "rank": 0,
            "characteristic": "Presence",
            "groupskill": false,
            "careerskill": false,
            "type": "Social",
            "max": 6
          },
          "Coercion": {
            "rank": 0,
            "characteristic": "Willpower",
            "groupskill": false,
            "careerskill": false,
            "type": "Social",
            "max": 6
          },
          "Computers": {
            "rank": 0,
            "characteristic": "Intellect",
            "groupskill": false,
            "careerskill": false,
            "type": "General",
            "max": 6
          },
          "Cool": {
            "rank": 0,
            "characteristic": "Presence",
            "groupskill": false,
            "careerskill": false,
            "type": "General",
            "max": 6
          },
          "Coordination": {
            "rank": 0,
            "characteristic": "Agility",
            "groupskill": false,
            "careerskill": false,
            "type": "General",
            "max": 6
          },
          "Deception": {
            "rank": 0,
            "characteristic": "Cunning",
            "groupskill": false,
            "careerskill": false,
            "type": "Social",
            "max": 6
          },
          "Discipline": {
            "rank": 0,
            "characteristic": "Willpower",
            "groupskill": false,
            "careerskill": false,
            "type": "General",
            "max": 6
          },
          "Leadership": {
            "rank": 0,
            "characteristic": "Presence",
            "groupskill": false,
            "careerskill": false,
            "type": "Social",
            "max": 6
          },
          "Mechanics": {
            "rank": 0,
            "characteristic": "Intellect",
            "groupskill": false,
            "careerskill": false,
            "type": "General",
            "max": 6
          },
          "Medicine": {
            "rank": 0,
            "characteristic": "Intellect",
            "groupskill": false,
            "careerskill": false,
            "type": "General",
            "max": 6
          },
          "Negotiation": {
            "rank": 0,
            "characteristic": "Presence",
            "groupskill": false,
            "careerskill": false,
            "type": "Social",
            "max": 6
          },
          "Perception": {
            "rank": 0,
            "characteristic": "Cunning",
            "groupskill": false,
            "careerskill": false,
            "type": "General",
            "max": 6
          },
          "Piloting: Planetary": {
            "rank": 0,
            "characteristic": "Agility",
            "groupskill": false,
            "careerskill": false,
            "type": "General",
            "max": 6
          },
          "Piloting: Space": {
            "rank": 0,
            "characteristic": "Agility",
            "groupskill": false,
            "careerskill": false,
            "type": "General",
            "max": 6
          },
          "Resilience": {
            "rank": 0,
            "characteristic": "Brawn",
            "groupskill": false,
            "careerskill": false,
            "type": "General",
            "max": 6
          },
          "Skulduggery": {
            "rank": 0,
            "characteristic": "Cunning",
            "groupskill": false,
            "careerskill": false,
            "type": "General",
            "max": 6
          },
          "Stealth": {
            "rank": 0,
            "characteristic": "Agility",
            "groupskill": false,
            "careerskill": false,
            "type": "General",
            "max": 6
          },
          "Streetwise": {
            "rank": 0,
            "characteristic": "Cunning",
            "groupskill": false,
            "careerskill": false,
            "type": "General",
            "max": 6
          },
          "Survival": {
            "rank": 0,
            "characteristic": "Cunning",
            "groupskill": false,
            "careerskill": false,
            "type": "General",
            "max": 6
          },
          "Vigilance": {
            "rank": 0,
            "characteristic": "Willpower",
            "groupskill": false,
            "careerskill": false,
            "type": "General",
            "max": 6
          },
          "Knowledge: Prime Sphere": {
            "rank": 0,
            "characteristic": "Intellect",
            "groupskill": false,
            "careerskill": false,
            "type": "Knowledge",
            "max": 6
          },
          "Knowledge: Education": {
            "rank": 0,
            "characteristic": "Intellect",
            "groupskill": false,
            "careerskill": false,
            "type": "Knowledge",
            "max": 6
          },
          "Knowledge: Lore": {
            "rank": 0,
            "characteristic": "Intellect",
            "groupskill": false,
            "careerskill": false,
            "type": "Knowledge",
            "max": 6
          },
          "Knowledge: Outer Spheres": {
            "rank": 0,
            "characteristic": "Intellect",
            "groupskill": false,
            "careerskill": false,
            "type": "Knowledge",
            "max": 6
          },
          "Knowledge: Underworld": {
            "rank": 0,
            "characteristic": "Intellect",
            "groupskill": false,
            "careerskill": false,
            "type": "Knowledge",
            "max": 6
          },
          "Knowledge: Warfare": {
            "rank": 0,
            "characteristic": "Intellect",
            "groupskill": false,
            "careerskill": false,
            "type": "Knowledge",
            "max": 6
          },
          "Knowledge: Xenology": {
            "rank": 0,
            "characteristic": "Intellect",
            "groupskill": false,
            "careerskill": false,
            "type": "Knowledge",
            "max": 6
          }
        }
      },
      "attributes": {
        "attributes": {}
      },
      "general": {
        "general": {
          "features": "<p></p>"
        }
      }
    },
    "character": {
      "templates": ["biography", "species", "career", "specialisation", "stats", "characteristics", "skills", "attributes", "general"],
      "encumbrance": {
        "value": 0,
        "type": "Number",
        "label": "Encumbrance",
        "abrev": "Encum",
        "adjusted": 0
      },
      "obligation": {
        "value": 0,
        "type": "Number",
        "label": "Obligation"
      },
      "duty": {
        "value": 0,
        "type": "Number",
        "label": "Duty"
      },
      "morality": {
        "value": 0,
        "type": "Number",
        "label": "Morality"
      },
      "conflict": {
        "value": 0,
        "type": "Number",
        "label": "Conflict"
      },
      "experience": {
        "total": 0,
        "available": 0
      }
    },
    "minion": {
      "templates": ["biography", "stats", "characteristics", "skills", "attributes"],
      "quantity": {
        "value": 1,
        "max": 1,
        "type": "Number",
        "label": "Quantity",
        "abrev": "Qty"
      },
      "unit_wounds": {
        "value": 0,
        "type": "Number",
        "label": "Unit Wounds"
      }
    },
    "vehicle": {
      "templates": ["biography", "attributes"],
      "stats": {
        "silhouette": {
          "value": 1,
          "type": "Number",
          "label": "Silhouette"
        },
        "speed": {
          "value": 0,
          "max": 0,
          "type": "Number",
          "label": "Speed"
        },
        "handling": {
          "value": 0,
          "type": "Number",
          "label": "Handling"
        },
        "hullTrauma": {
          "value": 0,
          "min": 0,
          "max": 10,
          "label": "Hull Trauma"
        },
        "systemStrain": {
          "value": 0,
          "min": 0,
          "max": 10,
          "label": "System Strain"
        },
        "shields": {
          "fore": 0,
          "port": 0,
          "starboard": 0,
          "aft": 0,
          "label": "Shields"
        },
        "armour": {
          "value": 0,
          "type": "Number",
          "label": "Armour",
          "adjusted": 0
        },
        "sensorRange": {
          "value": "Short",
          "type": "String"
        },
        "crew": {},
        "passengerCapacity": {
          "value": 0,
          "type": "Number",
          "label": "Passenger Capacity"
        },
        "encumbrance": {
          "value": 0,
          "min": 0,
          "max": 10,
          "adjusted": 0
        },
        "cost": {
          "value": 0,
          "type": "Number",
          "label": "Cost",
          "adjusted": 0
        },
        "rarity": {
          "value": 0,
          "isrestricted": false,
          "type": "Number",
          "label": "Rarity",
          "adjusted": 0
        },
        "customizationHardPoints": {
          "value": 0,
          "type": "Number",
          "label": "Hard Points",
          "adjusted": 0
        },
        "hyperdrive" : {
          "value" : 1,
          "type": "Number",
          "label": "SWFFG.Hyperdrive"
        },
        "consumables" : {
          "value" : 1,
          "duration" : "months",
          "type": "Number",
          "label": "SWFFG.Consumables"
        },
        "navicomputer": {
          "value": false,
          "type": "Boolean",
          "label": "SWFFG.VehicleNavicomputer"
        }
      },
      "spaceShip": false,
      "silhouetteImage": "systems/starwarsffg/images/shipdefence.png"
    },
    "homestead": {
      "templates": ["biography", "attributes"],
      "cost": {
        "value": 0,
        "type": "Number",
        "label": "Cost",
        "adjusted": 0
      },
      "consumables" : {
        "value" : 1,
        "duration" : "months",
        "type": "Number",
        "label": "SWFFG.Consumables"
      }
    },
    "rival": {
      "templates": ["biography", "species", "characteristics", "skills", "attributes", "general"],
      "stats": {
          "wounds": {
            "value": 0,
            "min": 0,
            "max": 0,
            "adjusted": 0
          },
          "soak": {
            "value": 0,
            "adjusted": 0
          },
          "defence": {
            "ranged": 0,
            "melee": 0,
            "adjusted": 0
          },
          "encumbrance": {
            "value": 0,
            "max": 0,
            "adjusted": 0
          },
          "forcePool": {
            "value": 0,
            "max": 0,
            "adjusted": 0
          },
          "credits": {
            "value": 0,
            "type": "Number",
            "label": "Credits",
            "adjusted": 0
          }
        }
    },
    "nemesis": {
      "templates": ["biography", "species", "stats", "characteristics", "skills", "attributes", "general"]
    }
  },
  "Item": {
    "types": [
      "ability", "armour", "career", "criticaldamage", "criticalinjury", "forcepower", "gear", "itemattachment", "itemmodifier", "talent", "shipattachment", "shipweapon", "homesteadupgrade", "signatureability", "specialization", "species", "weapon"],
    "templates": {
      "core": {
        "description": "",
        "attributes": {},
        "metadata": {
          "tags": []
        }
      },
      "basic": {
        "quantity": {
          "value": 1,
          "type": "Number",
          "label": "Quantity",
          "abrev": "Qty"
        },
        "encumbrance": {
          "value": 0,
          "type": "Number",
          "label": "Encumbrance",
          "abrev": "Encum",
          "adjusted": 0
        },
        "price": {
          "value": 0,
          "type": "Number",
          "label": "Price",
          "adjusted": 0
        },
        "rarity": {
          "value": 0,
          "type": "Number",
          "label": "Rarity",
          "adjusted": 0
        }
      },
      "hardpoints": {
        "hardpoints": {
          "value": 0,
          "type": "Number",
          "label": "Hard Points",
          "abrev": "HP",
          "adjusted": 0
        }
      },
      "equippable": {
        "equippable": {
          "value": true,
          "type": "Boolean",
          "equipped": false
        }
      },
      "itemattachments": {
        "itemattachment":[]
      },
      "qualities" : {
        "itemmodifier": [],
        "adjusteditemmodifer": []
      }
    },
    "gear": {
      "templates": ["core", "basic", "itemattachments", "qualities"]
    },
    "weapon": {
      "templates": ["core", "basic", "hardpoints", "equippable", "itemattachments", "qualities"],
      "skill": {
        "value": "Ranged: Light",
        "type": "String",
        "label": "Skill"
      },
      "damage": {
        "value": 0,
        "type": "Number",
        "label": "Damage",
        "abrev": "Dam",
        "adjusted": 0
      },
      "crit": {
        "value": 0,
        "type": "Number",
        "label": "Critical Rating",
        "abrev": "Crit",
        "adjusted": 0
      },
      "range": {
        "value": "Short",
        "type": "String",
        "label": "Range",
        "adjusted": "Short"
      },
      "special": {
        "value": "",
        "type": "String",
        "label": "Special"
      }
    },
    "armour": {
      "templates": ["core", "basic", "hardpoints", "equippable", "itemattachments", "qualities"],
      "defence": {
        "value": 0,
        "type": "Number",
        "label": "Defence",
        "abrev": "Def",
        "adjusted": 0
      },
      "soak": {
        "value": 0,
        "type": "Number",
        "label": "Soak",
        "adjusted": 0
      }
    },
    "talent": {
      "templates": ["core"],
      "activation": {
        "value": "Passive",
        "type": "String",
        "label": "Activation"
      },
      "ranks": {
        "ranked": false,
        "current": 1,
        "min": 0
      },
      "isForceTalent": false,
      "isConflictTalent": false,
      "tier": 1,
      "trees": []
    },
    "shipweapon": {
      "templates": ["core", "basic", "hardpoints", "equippable", "itemattachments", "qualities"],
      "label": "Ship Weapon",
      "firingarc": {
        "fore": false,
        "aft": false,
        "port": false,
        "starboard": false,
        "dorsal": false,
        "ventral": false
      },
      "damage": {
        "value": 0,
        "type": "Number",
        "label": "Damage",
        "abrev": "Dam",
        "adjusted": 0
      },
      "crit": {
        "value": 0,
        "type": "Number",
        "label": "Critical Rating",
        "abrev": "Crit",
        "adjusted": 0
      },
      "range": {
        "value": "Short",
        "type": "String",
        "label": "Range",
        "adjusted": "Short"
      },
      "special": {
        "value": "",
        "type": "String",
        "label": "Special"
      }
    },
    "shipattachment": {
      "templates": ["core", "basic", "hardpoints", "equippable", "itemattachments", "qualities"],
      "label": "Ship Attachment"
    },
    "species": {
      "templates": ["core"],
      "talents": {},
      "species": {},
      "startingXP": 0
    },
    "criticalinjury": {
      "templates": ["core"],
      "min": 0,
      "max": 0,
      "severity": 1
    },
    "criticaldamage": {
      "templates": ["core"],
      "min": 0,
      "max": 0,
      "severity": 1
    },
    "ability": {
      "templates": ["core"]
    },
    "forcepower": {
      "templates": ["core"],
      "upgrades": {
        "upgrade0": {},
        "upgrade1": {},
        "upgrade2": {},
        "upgrade3": {},
        "upgrade4": {},
        "upgrade5": {},
        "upgrade6": {},
        "upgrade7": {},
        "upgrade8": {},
        "upgrade9": {},
        "upgrade10": {},
        "upgrade11": {},
        "upgrade12": {},
        "upgrade13": {},
        "upgrade14": {},
        "upgrade15": {}
      },
      "required_force_rating": 0,
      "base_cost": 0
    },
    "specialization": {
      "templates": ["core"],
      "talents": {
        "talent0": {},
        "talent1": {},
        "talent2": {},
        "talent3": {},
        "talent4": {},
        "talent5": {},
        "talent6": {},
        "talent7": {},
        "talent8": {},
        "talent9": {},
        "talent10": {},
        "talent11": {},
        "talent12": {},
        "talent13": {},
        "talent14": {},
        "talent15": {},
        "talent16": {},
        "talent17": {},
        "talent18": {},
        "talent19": {}
      }
    },
    "career" : {
      "templates": ["core"],
      "specializations": {},
      "signatureabilities": {}
    },
    "signatureability": {
      "templates": ["core"],
      "upgrades": {
        "upgrade0": {},
        "upgrade1": {},
        "upgrade2": {},
        "upgrade3": {},
        "upgrade4": {},
        "upgrade5": {},
        "upgrade6": {},
        "upgrade7": {}
      },
      "base_cost": 0,
      "uplink_nodes": {
        "uplink0": false,
        "uplink1": false,
        "uplink2": false,
        "uplink3": false
      }
    },
    "itemattachment": {
      "templates": ["core", "basic", "hardpoints", "qualities", "itemattachments"],
      "type": ""
    },
    "itemmodifier": {
      "templates": ["core", "qualities"],
      "type": "",
      "rank": 0
    }
  }
}
